{
    "Greenwald-Khanna": {
        "Average Lifetime Error": 0.20281591453944128
    },
    "KLL Sketch": {
        "Average Lifetime Error": 0.19981230023505275
    },
    "River Quantile": {
        "Average Lifetime Error": 0.22500412899447522
    },
    "LB-KLL (Ours)": {
        "Average Lifetime Error": 0.2036398798385176
    },
    "HQS (Ours)": {
        "Average Lifetime Error": 0.20278228886904867
    },
    "QRSketch (Ours)": {
        "Average Lifetime Error": 0.2057439009170172
    }
}