{
    "Greenwald-Khanna": {
        "Insertion Time (s)": 1.4308788776397705,
        "Memory Usage (MiB)": 166.4375,
        "Query Time (s)": 0.0005578994750976562,
        "Errors": {
            "0.01": 0.20611551801132147,
            "0.05": 0.1567517332646644,
            "0.25": 0.030015669732157423,
            "0.5": 0.017019311346439768,
            "0.75": 0.02364453701293066,
            "0.95": 0.037512383231068126,
            "0.99": 0.13709618051436803
        }
    },
    "KLL Sketch": {
        "Insertion Time (s)": 0.03242897987365723,
        "Memory Usage (MiB)": 167.83203125,
        "Query Time (s)": 0.010439634323120117,
        "Errors": {
            "0.01": 0.05177526514162234,
            "0.05": 0.18563245278100302,
            "0.25": 0.010765338492279855,
            "0.5": 0.004908370371332654,
            "0.75": 0.0010639976086474394,
            "0.95": 0.0044197238046046255,
            "0.99": 0.02905099466084713
        }
    },
    "T-Digest": {
        "Insertion Time (s)": 2.0889291763305664,
        "Memory Usage (MiB)": 168.5625,
        "Query Time (s)": 0.011403322219848633,
        "Errors": {
            "0.01": 0.0030012470028052476,
            "0.05": 0.0007225113361468102,
            "0.25": 0.0012046566371118092,
            "0.5": 4.589820505489778e-05,
            "0.75": 0.00015255913912752244,
            "0.95": 0.0003741959609570076,
            "0.99": 7.621795556655144e-05
        }
    },
    "LB-KLL (Ours)": {
        "Insertion Time (s)": 0.11949801445007324,
        "Memory Usage (MiB)": 168.5625,
        "Query Time (s)": 0.013637542724609375,
        "Errors": {
            "0.01": 0.12943792245436925,
            "0.05": 0.0016911909132190052,
            "0.25": 0.01578520560413636,
            "0.5": 0.0031094221770872673,
            "0.75": 0.004747297675181326,
            "0.95": 0.010037386011132498,
            "0.99": 0.011767958231899312
        }
    },
    "HQS (Ours)": {
        "Insertion Time (s)": 2.274775743484497,
        "Memory Usage (MiB)": 168.5625,
        "Query Time (s)": 0.010503053665161133,
        "Errors": {
            "0.01": 0.0030012470028052476,
            "0.05": 0.0008685175459012543,
            "0.25": 0.0025362900425048096,
            "0.5": 0.0009869268900299486,
            "0.75": 0.01585189042205444,
            "0.95": 0.0003741959609570076,
            "0.99": 7.621795556655144e-05
        }
    }
}